{"cameraMode":{"drawMode":0,"name":"Shaded","section":"Shading Mode"},"sceneLighting":true,"audioPlay":false,"sceneViewState":{"m_AlwaysRefresh":false,"showFog":true,"showSkybox":true,"showFlares":true,"showImageEffects":true,"showParticleSystems":true,"showVisualEffectGraphs":true,"m_FxEnabled":true},"in2DMode":false,"pivot":{"x":-4.441115379333496,"y":3.30997371673584,"z":-1.2123284339904786},"rotation":{"x":-0.0021563542541116478,"y":-0.8592433929443359,"z":-0.0035938152577728035,"w":0.5115321278572083},"size":3.8490548133850099,"orthographic":false}